Ebene;Seite;Datei;Produktnummer;Format
DA Seiten 30%;37;255992_0,5_Stamm.pdf;255992;0,5
DA Seiten 30%;75;258601_0,5_Stamm.pdf;258601;0,5
DA Seiten 30%;51;259822_Stamm.pdf;259822;1
DA Seiten 30%;81;264310_0,5_Stamm.pdf;264310;0,5
DA Seiten 30%;93;263551_Stamm.pdf;263551;1
DA Seiten 30%;5;247522+251600_Stamm.pdf;247522;1
DA Seiten 30%;5;247522+251600_Stamm.pdf;251600;1
DA Seiten 30%;82;262805_Stamm.pdf;262805;1
DA Seiten 30%;7;263997_Stamm.pdf;263997;1
DA Seiten 30%;110;260161_Stamm.pdf;260161;1
DA Seiten 30%;98;264163_Stamm.pdf;264163;1
DA Seiten 30%;52;260099_0,5_Stamm.pdf;260099;0,5
DA Seiten 30%;102;262952+262981_Stamm.pdf;262952;1
DA Seiten 30%;102;262952+262981_Stamm.pdf;262981;1
DA Seiten 30%;90;250896_Stamm.pdf;250896;1
DA Seiten 30%;88;514242_0,5_Stamm.pdf;514242;0,5
DA Seiten 30%;38;264408_Stamm.pdf;264408;1
DA Seiten 30%;97;260073_Stamm.pdf;260073;1
DA Seiten 30%;85;263476_Stamm.pdf;263476;1
DA Seiten 30%;17;262356_Stamm.pdf;262356;1
DA Seiten 30%;65;264509_Stamm.pdf;264509;1
DA Seiten 30%;41;252733_Stamm.pdf;252733;1
DA Seiten 30%;9;267902_Stamm.pdf;267902;1
DA Seiten 30%;25;264756_Stamm.pdf;264756;1
DA Seiten 30%;69;263580_Stamm.pdf;263580;1
DA Seiten 30%;15;254843_Stamm.pdf;254843;1
DA Seiten 30%;8;252892_Stamm_Einzelangebot.pdf;252892;1
DA Seiten 30%;70;408969_Stamm.pdf;408969;1
DA Seiten 30%;6;267191_Stamm.pdf;267191;1
DA Seiten 30%;21;241380_Stamm.pdf;241380;1
DA Seiten 30%;64;223687_Stamm.pdf;223687;1
DA Seiten 30%;108;267380_Stamm.pdf;267380;1
DA Seiten 30%;109;263232_Stamm.pdf;263232;1
DA Seiten 30%;40;405863_Stamm.pdf;405863;1
DA Seiten 30%;22;263900_Stamm.pdf;263900;1
DA Seiten 30%;77;264860_Stamm.pdf;264860;1
DA Seiten 30%;99;260246_Stamm.pdf;260246;1
DA Seiten 30%;61;200833_Stamm.pdf;200833;1
DA Seiten 30%;4;264059+263971_Stamm.pdf;264059;1
DA Seiten 30%;4;264059+263971_Stamm.pdf;263971;1
DA Seiten 30%;96;267263_Stamm.pdf;267263;1
DA Seiten 30%;68;252254_Stamm.pdf;252254;1
DA Seiten 30%;84;261340+263128_Stamm.pdf;261340;1
DA Seiten 30%;84;261340+263128_Stamm.pdf;263128;1
DA Seiten 30%;87;408035+408048_Stamm.pdf;408035;1
DA Seiten 30%;87;408035+408048_Stamm.pdf;408048;1
DA Seiten 30%;60;265821+265850+265889+265919_Stamm.pdf;265821;1
DA Seiten 30%;60;265821+265850+265889+265919_Stamm.pdf;265850;1
DA Seiten 30%;60;265821+265850+265889+265919_Stamm.pdf;265889;1
DA Seiten 30%;60;265821+265850+265889+265919_Stamm.pdf;265919;1
DA Seiten 30%;104;263304_Stamm.pdf;263304;1
DA Seiten 30%;95;247681_Stamm_Einzelangebot.pdf;247681;1
DA Seiten 30%;47;259330_Stamm.pdf;259330;1
DA Seiten 30%;92;242918_Stamm.pdf;242918;1
DA Seiten 30%;63;254928+254944+254960_Stamm.pdf;254928;1
DA Seiten 30%;63;254928+254944+254960_Stamm.pdf;254944;1
DA Seiten 30%;63;254928+254944+254960_Stamm.pdf;254960;1
DA Seiten 30%;35;146411_Stamm.pdf;146411;1
DA Seiten 30%;43;263362_Archiv_25.25.pdf;263362;1
DA Seiten 30%;62;408904_Stamm.pdf;408904;1
DA Seiten 30%;54;250753_0,5_Stamm.pdf;250753;0,5
DA Seiten 30%;54;514343_0,5_Stamm.pdf;514343;0,5
DA Seiten 30%;55;514604_0,5_Stamm.pdf;514604;0,5
DA Seiten 30%;29;267306_0,5_Stamm.pdf;267306;0,5
DA Seiten 30%;91;260321_Stamm.pdf;260321;1
DA Seiten 30%;27;260220+265573_Stamm.pdf;260220;1
DA Seiten 30%;27;260220+265573_Stamm.pdf;265573;1
DA Seiten 30%;107;241957_Stamm.pdf;241957;1
DA Seiten 30%;31;408745+408761_Stamm.pdf;408745;1
DA Seiten 30%;31;408745+408761_Stamm.pdf;408761;1
DA Seiten 30%;30;246910+246893_Stamm.pdf;246910;1
DA Seiten 30%;30;246910+246893_Stamm.pdf;246893;1
DA Seiten 30%;46;259460_Stamm.pdf;259460;1
DA Seiten 30%;80;264075_0,5_Stamm.pdf;264075;0,5
DA Seiten 30%;80;262415 0,5_Stamm.pdf;262415;0,5
DA Seiten 30%;89;264192_0,5_Stamm.pdf;264192;0,5
DA Seiten 30%;52;254670_0,5_Stamm.pdf;254670;0,5
DA Seiten 30%;76;403623+403636_Stamm.pdf;403623;1
DA Seiten 30%;76;403623+403636_Stamm.pdf;403636;1
DA Seiten 30%;20;267410_Stamm.pdf;267410;1
DA Seiten 30%;29;263841_0,5_Stamm.pdf;263841;0,5
DA Seiten 30%;28;205753_Stamm.pdf;205753;1
DA Seiten 30%;33;260145_Stamm.pdf;260145;1
DA Seiten 30%;32;404251+404264_Stamm.pdf;404251;1
DA Seiten 30%;32;404251+404264_Stamm.pdf;404264;1
DA Seiten 30%;13;267612+267609+267595_Stamm.pdf;267612;1
DA Seiten 30%;13;267612+267609+267595_Stamm.pdf;267609;1
DA Seiten 30%;13;267612+267609+267595_Stamm.pdf;267595;1
DA Seiten 30%;50;513630_Stamm.pdf;513630;1
DA Seiten 30%;56;225771+225801_Stamm.pdf;225771;1
DA Seiten 30%;56;225771+225801_Stamm.pdf;225801;1
DA Seiten 30%;66;513975 0,5_Stamm.pdf;513975;0,5
DA Seiten 30%;67;245698_0,5_Stamm.pdf;245698;0,5
DA Seiten 30%;105;408051+408064_Stamm.pdf;408051;1
DA Seiten 30%;105;408051+408064_Stamm.pdf;408064;1
DA Seiten 30%;111;408686_Stamm.pdf;408686;1
DA Seiten 30%;11;264020_Stamm.pdf;264020;1
DA Seiten 30%;10;255022_Stamm.pdf;255022;1
DA Seiten 30%;3;263681_Stamm.pdf;263681;1
DA Seiten 30%;112;264206_Stamm.pdf;264206;1
DA Seiten 30%;16;257725_Stamm.pdf;257725;1
DA Seiten 30%;19;265528_Stamm.pdf;265528;1
DA Seiten 30%;23;409009_Stamm.pdf;409009;1
DA Seiten 30%;75;225931_0,5_Stamm.pdf;225931;0,5
DA Seiten 30%;67;194089 0,5_Stamm.pdf;194089;0,5
DA Seiten 30%;37;267032_Stamm_0,5.pdf;267032;0,5
DA Seiten 30%;36;236124_Stamm.pdf;236124;1
DA Seiten 30%;39;264206_Stamm.pdf;264206;1
DA Seiten 30%;45;409751_Stamm.pdf;409751;1
DA Seiten 30%;42;266983_Stamm.pdf;266983;1
DA Seiten 30%;49;257581_Stamm.pdf;257581;1
DA Seiten 30%;58;267074_Stamm.pdf;267074;1
DA Seiten 30%;55;264802_Stamm_0,5.pdf;264802;0,5
DA Seiten 30%;59;409331_Stamm.pdf;409331;1
DA Seiten 30%;57;254205_Stamm.pdf;254205;1
DA Seiten 30%;103;263274+263522_Stamm.pdf;263274;1
DA Seiten 30%;103;263274+263522_Stamm.pdf;263522;1
DA Seiten 30%;101;253026_Stamm.pdf;253026;1
DA Seiten 30%;81;259109 0,5_Stamm.pdf;259109;0,5
DA Seiten 30%;74;262711+262724_Stamm.pdf;262711;1
DA Seiten 30%;74;262711+262724_Stamm.pdf;262724;1
DA Seiten 30%;71;263434_Stamm.pdf;263434;1
DA Seiten 30%;79;265065_Stamm.pdf;265065;1
DA Seiten 30%;72;267322_Stamm.pdf;267322;1
DA Seiten 30%;53;409096_Stamm.pdf;409096;1
DA Seiten 30%;66;509868 0,5_Stamm.pdf;509868;0,5
DA Seiten 30%;94;514516_0,5_Stamm.pdf;514516;0,5
DA Seiten 30%;88;514590_0,5_Stamm.pdf;514590;0,5
DA Seiten 30%;89;513089 0,5_Stamm.pdf;513089;0,5
DA Seiten 30%;73;268064_Stamm.pdf;268064;1
DA Seiten 30%;106;267641+267625_Stamm.pdf;267641;1
DA Seiten 30%;106;267641+267625_Stamm.pdf;267625;1
DA Seiten 30%;100;409243_Stamm.pdf;409243;1
DA Seiten 30%;94;514008_Stamm_0,5.pdf;514008;0,5
DA Seiten 30%;83;409810_0,5_Stamm.pdf;409810;0,5
DA Seiten 30%;83;512901_Stamm_0,5.pdf;512901;0,5
DA Seiten 30%;86;263724_Stamm.pdf;263724;1
